{
  "mainpage" : "KRATAAFA TITIRIW",
  "namespace" : {
    "" : 0,
    "BOA" : 12,
    "CATEGORY" : 14,
    "CATEGORY TALK" : 15,
    "FILE" : 6,
    "FILE NKƆMMƆ" : 7,
    "FILE TALK" : 7,
    "GADGET" : 2300,
    "GADGET DEFINITION" : 2302,
    "GADGET DEFINITION TALK" : 2303,
    "GADGET TALK" : 2301,
    "HELP" : 12,
    "HELP TALK" : 13,
    "IMAGE" : 6,
    "IMAGE TALK" : 7,
    "MEDIA" : -2,
    "MEDIAWIKI" : 8,
    "MEDIAWIKI NKƆMMƆ" : 9,
    "MEDIAWIKI TALK" : 9,
    "MMOA NKƆMMƆBEA" : 13,
    "MODULE" : 828,
    "MODULE TALK" : 829,
    "NHWƐSODE" : 10,
    "NHWƐSODE NKƆMMƆBEA" : 11,
    "NKƆMMƆ" : 1,
    "NKYEKYEM" : 14,
    "NKYEKYEM NKƆMMƆBEA" : 15,
    "ODWUMANYƐNI" : 2,
    "ODWUMANYƐNI NKƆMMƆBEA" : 3,
    "PROJECT" : 4,
    "PROJECT TALK" : 5,
    "SORONKO" : -1,
    "SPECIAL" : -1,
    "TALK" : 1,
    "TEMPLATE" : 10,
    "TEMPLATE TALK" : 11,
    "USER" : 2,
    "USER TALK" : 3,
    "WIKIPEDIA" : 4,
    "WIKIPEDIA NKƆMMƆ" : 5,
    "WIKIPEDIA TALK" : 5
  }
}