{
  "mainpage" : "ܦܐܬܐ ܪܝܫܝܬܐ",
  "namespace" : {
    "" : 0,
    "CATEGORY" : 14,
    "CATEGORY TALK" : 15,
    "FILE" : 6,
    "FILE TALK" : 7,
    "GADGET" : 2300,
    "GADGET DEFINITION" : 2302,
    "GADGET DEFINITION TALK" : 2303,
    "GADGET TALK" : 2301,
    "HELP" : 12,
    "HELP TALK" : 13,
    "IMAGE" : 6,
    "IMAGE TALK" : 7,
    "MEDIA" : -2,
    "MEDIAWIKI" : 8,
    "MEDIAWIKI TALK" : 9,
    "MODULE" : 828,
    "MODULE TALK" : 829,
    "PROJECT" : 4,
    "PROJECT TALK" : 5,
    "SPECIAL" : -1,
    "TALK" : 1,
    "TEMPLATE" : 10,
    "TEMPLATE TALK" : 11,
    "USER" : 2,
    "USER TALK" : 3,
    "WIKIPEDIA" : 4,
    "WIKIPEDIA TALK" : 5,
    "ܕܝܠܢܝܐ" : -1,
    "ܘܝܩܝܦܕܝܐ" : 4,
    "ܠܦܦܐ" : 6,
    "ܡܝܕܝܐ" : -2,
    "ܡܝܕܝܐܘܝܩܝ" : 8,
    "ܡܡܠܠܐ" : 1,
    "ܡܡܠܠܐ ܕܘܝܩܝܦܕܝܐ" : 5,
    "ܡܡܠܠܐ ܕܠܦܦܐ" : 7,
    "ܡܡܠܠܐ ܕܡܝܕܝܐܘܝܩܝ" : 9,
    "ܡܡܠܠܐ ܕܡܦܠܚܢܐ" : 3,
    "ܡܡܠܠܐ ܕܡܬܚܫܚܢܐ" : 3,
    "ܡܡܠܠܐ ܕܣܕܪܐ" : 15,
    "ܡܡܠܠܐ ܕܥܘܕܪܢܐ" : 13,
    "ܡܡܠܠܐ ܕܩܠܒܐ" : 11,
    "ܡܦܠܚܢܐ" : 2,
    "ܡܬܚܫܚܢܐ" : 2,
    "ܣܕܪܐ" : 14,
    "ܥܘܕܪܢܐ" : 12,
    "ܩܠܒܐ" : 10
  }
}