{
  "mainpage" : "БАШ БИТ",
  "namespace" : {
    "" : 0,
    "CATEGORY" : 14,
    "CATEGORY TALK" : 15,
    "FILE" : 6,
    "FILE TALK" : 7,
    "GADGET" : 2300,
    "GADGET DEFINITION" : 2302,
    "GADGET DEFINITION TALK" : 2303,
    "GADGET TALK" : 2301,
    "HELP" : 12,
    "HELP TALK" : 13,
    "IMAGE" : 6,
    "IMAGE TALK" : 7,
    "MEDIA" : -2,
    "MEDIAWIKI" : 8,
    "MEDIAWIKI TALK" : 9,
    "MEDIAWIKI Б-СА ФЕКЕР АЛЫШЫУ" : 9,
    "MEDIAWIKI БУЙЫНСА ФЕКЕРЛӘШЕҮ" : 9,
    "MODULE" : 828,
    "MODULE TALK" : 829,
    "PROJECT" : 4,
    "PROJECT TALK" : 5,
    "SPECIAL" : -1,
    "TALK" : 1,
    "TEMPLATE" : 10,
    "TEMPLATE TALK" : 11,
    "USER" : 2,
    "USER TALK" : 3,
    "WIKIPEDIA" : 4,
    "WIKIPEDIA TALK" : 5,
    "WIKIPEDIA БУЙЫНСА ФЕКЕРЛӘШЕҮ" : 5,
    "БЕЛЕШМӘ" : 12,
    "БЕЛЕШМӘ Б-СА ФЕКЕР АЛЫШЫУ" : 13,
    "БЕЛЕШМӘ БУЙЫНСА ФЕКЕРЛӘШЕҮ" : 13,
    "ВИКИПЕДИЯ" : 4,
    "ВИКИПЕДИЯ Б-СА ФЕКЕР АЛЫШЫУ" : 5,
    "ВИКИПЕДИЯ БУЙЫНСА ФЕКЕРЛӘШЕҮ" : 5,
    "ГАДЖЕТ" : 2300,
    "ГАДЖЕТ БИЛДӘҺЕ" : 2302,
    "ГАДЖЕТ БИЛДӘҺЕ БУЙЫНСА ФЕКЕРЛӘШЕҮ" : 2303,
    "ГАДЖЕТ БУЙЫНСА ФЕКЕРЛӘШЕҮ" : 2301,
    "ИЗОБРАЖЕНИЕ" : 6,
    "КАТЕГОРИЯ" : 14,
    "КАТЕГОРИЯ Б-СА ФЕКЕР АЛЫШЫУ" : 15,
    "КАТЕГОРИЯ БУЙЫНСА ФЕКЕРЛӘШЕҮ" : 15,
    "ҠАЛЫП" : 10,
    "ҠАЛЫП Б-СА ФЕКЕР АЛЫШЫУ" : 11,
    "ҠАЛЫП БУЙЫНСА ФЕКЕРЛӘШЕҮ" : 11,
    "ҠАТНАШЫУСЫ" : 2,
    "ҠАТНАШЫУСЫ М-Н ФЕКЕР АЛЫШЫУ" : 3,
    "ҠАТНАШЫУСЫ МЕНӘН ҺӨЙЛӘШЕҮ" : 3,
    "МАХСУС" : -1,
    "МЕДИА" : -2,
    "МОДУЛЬ" : 828,
    "МОДУЛЬ БУЙЫНСА ФЕКЕРЛӘШЕҮ" : 829,
    "ОБСУЖДЕНИЕ ИЗОБРАЖЕНИЯ" : 7,
    "ПОРТАЛ" : 100,
    "ПОРТАЛ БУЙЫНСА ФЕКЕРЛӘШЕҮ" : 101,
    "ПРОЕКТ" : 102,
    "ПРОЕКТ БУЙЫНСА ФЕКЕРЛӘШЕҮ" : 103,
    "РӘСЕМ" : 6,
    "РӘСЕМ Б-СА ФЕКЕР АЛЫШЫУ" : 7,
    "РӘСЕМ БУЙЫНСА ФЕКЕРЛӘШЕҮ" : 7,
    "ТӨРКӨМ" : 14,
    "ТӨРКӨМ БУЙЫНСА ФЕКЕРЛӘШЕҮ" : 15,
    "ФАЙЛ" : 6,
    "ФАЙЛ БУЙЫНСА ФЕКЕРЛӘШЕҮ" : 7,
    "ФЕКЕР АЛЫШЫУ" : 1,
    "ФЕКЕРЛӘШЕҮ" : 1,
    "ЯРҘАМСЫ" : -1
  }
}