{
  "mainpage" : "POČETNA STRANA",
  "namespace" : {
    "" : 0,
    "CATEGORY" : 14,
    "CATEGORY TALK" : 15,
    "DATOTEKA" : 6,
    "FILE" : 6,
    "FILE TALK" : 7,
    "GADGET" : 2300,
    "GADGET DEFINITION" : 2302,
    "GADGET DEFINITION TALK" : 2303,
    "GADGET TALK" : 2301,
    "HELP" : 12,
    "HELP TALK" : 13,
    "IMAGE" : 6,
    "IMAGE TALK" : 7,
    "KATEGORIJA" : 14,
    "KORISNIK" : 2,
    "MEDIA" : -2,
    "MEDIAWIKI" : 8,
    "MEDIAWIKI RAZGOVOR" : 9,
    "MEDIAWIKI TALK" : 9,
    "MEDIJA" : -2,
    "MEDIJAVIKI" : 8,
    "MEDIJI" : -2,
    "MODUL" : 828,
    "MODULE" : 828,
    "MODULE TALK" : 829,
    "POMOĆ" : 12,
    "PORTAL" : 100,
    "PORTAL TALK" : 101,
    "POSEBNO" : -1,
    "PROJECT" : 4,
    "PROJECT TALK" : 5,
    "RAZGOVOR" : 1,
    "RAZGOVOR O DATOTECI" : 7,
    "RAZGOVOR O KATEGORIJI" : 15,
    "RAZGOVOR O MEDIAWIKIJU" : 9,
    "RAZGOVOR O MEDIJAVIKIJU" : 9,
    "RAZGOVOR O MODULU" : 829,
    "RAZGOVOR O POMOĆI" : 13,
    "RAZGOVOR O PORTALU" : 101,
    "RAZGOVOR O ŠABLONU" : 11,
    "RAZGOVOR O WIKIPEDIJI" : 5,
    "RAZGOVOR S KORISNIKOM" : 3,
    "RAZGOVOR S WIKIPEDIJOM" : 5,
    "RAZGOVOR S WIKIPEDIOM" : 5,
    "RAZGOVOR SA KORISNIKOM" : 3,
    "RAZGOVOR WIKIPEDIJOM" : 5,
    "ŠABLON" : 10,
    "SLIKA" : 6,
    "SPECIAL" : -1,
    "TALK" : 1,
    "TEMPLATE" : 10,
    "TEMPLATE TALK" : 11,
    "TOPIC" : 2600,
    "USER" : 2,
    "USER TALK" : 3,
    "WIKIPEDIA" : 4,
    "WIKIPEDIA TALK" : 5
  }
}