{
  "mainpage" : "ГЛАВЬНА СТРАНИЦА",
  "namespace" : {
    "" : 0,
    "CATEGORY" : 14,
    "CATEGORY TALK" : 15,
    "FILE" : 6,
    "FILE TALK" : 7,
    "GADGET" : 2300,
    "GADGET DEFINITION" : 2302,
    "GADGET DEFINITION TALK" : 2303,
    "GADGET TALK" : 2301,
    "HELP" : 12,
    "HELP TALK" : 13,
    "IMAGE" : 6,
    "IMAGE TALK" : 7,
    "MEDIA" : -2,
    "MEDIAWIKI" : 8,
    "MEDIAWIKI TALK" : 9,
    "MEDIAWIKI БЕСѢДА" : 9,
    "MEDIAWIKI БЄСѢДА" : 9,
    "MODULE" : 828,
    "MODULE TALK" : 829,
    "PROJECT" : 4,
    "PROJECT TALK" : 5,
    "SPECIAL" : -1,
    "TALK" : 1,
    "TEMPLATE" : 10,
    "TEMPLATE TALK" : 11,
    "USER" : 2,
    "USER TALK" : 3,
    "WIKIPEDIA" : 4,
    "WIKIPEDIA TALK" : 5,
    "БЕСѢДА" : 1,
    "БЄСѢДА" : 1,
    "ВИДА БЕСѢДА" : 7,
    "ВИ́ДА БЄСѢ́ДА" : 7,
    "ВИДЪ" : 6,
    "ВИ́ДЪ" : 6,
    "ВИКИПЄДЇꙖ" : 4,
    "ВИКИПЄ́ДЇꙖ" : 4,
    "ВИКИПЄДЇꙖ БЕСѢДА" : 5,
    "ВИКИПЄДЇѨ БЄСѢДА" : 5,
    "ВИКИПЄДЇѨ БЄСѢ́ДА" : 5,
    "ВИКИПЄ́ДЇѨ БЄСѢ́ДА" : 5,
    "ДѢЛА БЄСѢДА" : 7,
    "ДѢЛО" : 6,
    "КАТЕГОРИЯ" : 14,
    "КАТИГОРЇꙖ" : 14,
    "КАТИГОРЇѨ БЕСѢДА" : 15,
    "КАТИГОРЇѨ БЄСѢДА" : 15,
    "КАТИГОРЇ" : 14,
    "НАРОЧЬНА" : -1,
    "ОБРАЗЬЦА БЕСѢДА" : 11,
    "ОБРАЗЬЦЬ" : 10,
    "ОБРАꙀЬЦА БЄСѢДА" : 11,
    "ОБРАꙀЬЦЬ" : 10,
    "ПОЛЬꙂЄВАТЄЛ҄Ь" : 2,
    "ПОЛЬꙂЄВАТЄЛꙖ БЄСѢДА" : 3,
    "ПОЛЬЅЕВАТЕЛ҄Ь" : 2,
    "ПОЛЬЅЕВАТЕЛ БЕСѢДА" : 3,
    "ПОМОЩИ БЕСѢДА" : 13,
    "ПОМОЩИ БЄСѢДА" : 13,
    "ПОМОЩЬ" : 12,
    "СРѢДЬСТВА" : -2,
    "УЧАСТНИК" : 2,
    "ШАБЛОН" : 10
  }
}