{
  "mainpage" : "HALAMAN BUNGALIYO",
  "namespace" : {
    "" : 0,
    "BANTUAN PEMBICARAAN" : 13,
    "BERKAS" : 6,
    "BICARA" : 1,
    "BICARA PENGGUNA" : 3,
    "CATEGORY" : 14,
    "CATEGORY TALK" : 15,
    "DALALA" : 14,
    "FILE" : 6,
    "FILE TALK" : 7,
    "GADGET" : 2300,
    "GADGET DEFINITION" : 2302,
    "GADGET DEFINITION TALK" : 2303,
    "GADGET TALK" : 2301,
    "GAMBAR" : 6,
    "GAMBAR PEMBICARAAN" : 7,
    "HELP" : 12,
    "HELP TALK" : 13,
    "IMAGE" : 6,
    "IMAGE TALK" : 7,
    "KATEGORI PEMBICARAAN" : 15,
    "LO'IYA" : 1,
    "LO'IYA BERKAS" : 7,
    "LO'IYA DALALA" : 15,
    "LO'IYA MEDIAWIKI" : 9,
    "LO'IYA TA OHU'OWO" : 3,
    "LO'IYA TA OHU'UWO" : 3,
    "LO'IYA TEMPLAT" : 11,
    "LO'IYA WIKIPEDIA" : 5,
    "LO'IYA WUBODU" : 13,
    "MEDIA" : -2,
    "MEDIAWIKI" : 8,
    "MEDIAWIKI PEMBICARAAN" : 9,
    "MEDIAWIKI TALK" : 9,
    "MODUL" : 828,
    "MODULE" : 828,
    "MODULE TALK" : 829,
    "PEMBICARAAN GAMBAR" : 7,
    "PEMBICARAAN MODUL" : 829,
    "PROJECT" : 4,
    "PROJECT TALK" : 5,
    "SPECIAL" : -1,
    "SPESIAL" : -1,
    "TA OHU'UWO" : 2,
    "TALK" : 1,
    "TEMPLAT" : 10,
    "TEMPLAT PEMBICARAAN" : 11,
    "TEMPLATE" : 10,
    "TEMPLATE TALK" : 11,
    "USER" : 2,
    "USER TALK" : 3,
    "WIKIPEDIA" : 4,
    "WIKIPEDIA TALK" : 5,
    "WUBODU" : 12
  }
}