{
  "mainpage" : "FRONTISPICO",
  "namespace" : {
    "" : 0,
    "ARKIVO" : 6,
    "ARKIVO DEBATO" : 7,
    "CATEGORY" : 14,
    "CATEGORY TALK" : 15,
    "DEBATO" : 1,
    "DOSIERA DISKUTO" : 7,
    "FILE" : 6,
    "FILE TALK" : 7,
    "GADGET" : 2300,
    "GADGET DEFINITION" : 2302,
    "GADGET DEFINITION TALK" : 2303,
    "GADGET TALK" : 2301,
    "HELP" : 12,
    "HELP TALK" : 13,
    "HELPA DISKUTO" : 13,
    "HELPO" : 12,
    "HELPO DEBATO" : 13,
    "IMAGE" : 6,
    "IMAGE TALK" : 7,
    "IMAJO" : 6,
    "IMAJO DEBATO" : 7,
    "KATEGORIA DISKUTO" : 15,
    "KATEGORIO" : 14,
    "KATEGORIO DEBATO" : 15,
    "MEDIA" : -2,
    "MEDIAVIKIA DISKUTO" : 9,
    "MEDIAVIKIO" : 8,
    "MEDIAWIKI" : 8,
    "MEDIAWIKI DEBATO" : 9,
    "MEDIAWIKI DISKUTO" : 9,
    "MEDIAWIKI TALK" : 9,
    "MODELO" : 10,
    "MODELO DEBATO" : 11,
    "MODULE" : 828,
    "MODULE TALK" : 829,
    "MODULO" : 828,
    "MODULO-DISKUTO" : 829,
    "PROJECT" : 4,
    "PROJECT TALK" : 5,
    "ŜABLONA DISKUTO" : 11,
    "SHABLONO" : 10,
    "SHABLONO DEBATO" : 11,
    "SPECALA" : -1,
    "SPECIAL" : -1,
    "SPECIALA" : -1,
    "TALK" : 1,
    "TEMPLATE" : 10,
    "TEMPLATE TALK" : 11,
    "USER" : 2,
    "USER TALK" : 3,
    "UZANTA DISKUTO" : 3,
    "UZANTINO" : 2,
    "UZANTINO DEBATO" : 3,
    "UZANTO" : 2,
    "UZANTO DEBATO" : 3,
    "UZULA DISKUTO" : 3,
    "UZULO" : 2,
    "VIKIPEDIISTA DISKUTO" : 3,
    "VIKIPEDIISTO" : 2,
    "WIKIPEDIA" : 4,
    "WIKIPEDIA TALK" : 5,
    "WIKIPEDIO" : 4,
    "WIKIPEDIO DEBATO" : 5,
    "WIKIPEDIO DISKUTO" : 5
  }
}