{
  "mainpage" : "ទំព័រដើម",
  "namespace" : {
    "" : 0,
    "CATEGORY" : 14,
    "CATEGORY TALK" : 15,
    "FILE" : 6,
    "FILE TALK" : 7,
    "GADGET" : 2300,
    "GADGET DEFINITION" : 2302,
    "GADGET DEFINITION TALK" : 2303,
    "GADGET TALK" : 2301,
    "HELP" : 12,
    "HELP TALK" : 13,
    "IMAGE" : 6,
    "IMAGE TALK" : 7,
    "MEDIA" : -2,
    "MEDIAWIKI" : 8,
    "MEDIAWIKI TALK" : 9,
    "MODULE" : 828,
    "MODULE TALK" : 829,
    "PROJECT" : 4,
    "PROJECT TALK" : 5,
    "SPECIAL" : -1,
    "TALK" : 1,
    "TEMPLATE" : 10,
    "TEMPLATE TALK" : 11,
    "USER" : 2,
    "USER TALK" : 3,
    "WIKIPEDIA" : 4,
    "WIKIPEDIA TALK" : 5,
    "ការពិភាក្សា" : 1,
    "ការពិភាក្សារបស់អ្នកប្រើប្រាស់" : 3,
    "ការពិភាក្សាអំពីចំណាត់ថ្នាក់ក្រុម" : 15,
    "ការពិភាក្សាអំពីចំនាត់ថ្នាក់ក្រុម" : 15,
    "ការពិភាក្សាអំពីជំនួយ" : 13,
    "ការពិភាក្សាអំពីទំព័រគំរូ" : 11,
    "ការពិភាក្សាអំពីមេឌាវិគី" : 9,
    "ការពិភាក្សាអំពីរូបភាព" : 7,
    "ការពិភាក្សាអំពីវិគីភីឌា" : 5,
    "ការពិភាក្សាអំពីឯកសារ" : 7,
    "ចំណាត់ក្រុម" : 14,
    "ចំណាត់ក្រុម-ពិភាក្សា" : 15,
    "ចំណាត់ថ្នាក់ក្រុម" : 14,
    "ចំនាត់ថ្នាក់ក្រុម" : 14,
    "ជំនួយ" : 12,
    "ជំនួយ-ពិភាក្សា" : 13,
    "ទំព័រគំរូ" : 10,
    "ទំព័រគំរូ-ពិភាក្សា" : 11,
    "ពិភាក្សា" : 1,
    "ពិសេស" : -1,
    "មីឌា" : -2,
    "មីឌាវិគី" : 8,
    "មីឌាវិគី-ពិភាក្សា" : 9,
    "មេឌា" : -2,
    "មេឌាវិគី" : 8,
    "រូបភាព" : 6,
    "រូបភាព-ពិភាក្សា" : 7,
    "វិគីភីឌា" : 4,
    "វិគីភីឌា ពិភាក្ស" : 5,
    "អ្នកប្រើប្រាស់" : 2,
    "អ្នកប្រើប្រាស់-ពិភាក្សា" : 3,
    "ឯកសារ" : 6
  }
}