{
  "mainpage" : "ಮುಖ್ಯ ಪುಟ",
  "namespace" : {
    "" : 0,
    "CATEGORY" : 14,
    "CATEGORY TALK" : 15,
    "DRAFT" : 118,
    "DRAFT TALK" : 119,
    "FILE" : 6,
    "FILE TALK" : 7,
    "GADGET" : 2300,
    "GADGET DEFINITION" : 2302,
    "GADGET DEFINITION TALK" : 2303,
    "GADGET TALK" : 2301,
    "HELP" : 12,
    "HELP TALK" : 13,
    "IMAGE" : 6,
    "IMAGE TALK" : 7,
    "MEDIA" : -2,
    "MEDIAWIKI" : 8,
    "MEDIAWIKI TALK" : 9,
    "MODULE" : 828,
    "MODULE TALK" : 829,
    "PROJECT" : 4,
    "PROJECT TALK" : 5,
    "SPECIAL" : -1,
    "TALK" : 1,
    "TEMPLATE" : 10,
    "TEMPLATE TALK" : 11,
    "USER" : 2,
    "USER TALK" : 3,
    "WIKIPEDIA" : 4,
    "WIKIPEDIA TALK" : 5,
    "ಕರಡು" : 118,
    "ಕರಡು ಚರ್ಚೆ" : 119,
    "ಚರ್ಚೆಪುಟ" : 1,
    "ಚಿತ್ರ" : 6,
    "ಚಿತ್ರ ಚರ್ಚೆಪುಟ" : 7,
    "ಟೆಂಪ್ಲೇಟು" : 10,
    "ಟೆಂಪ್ಲೇಟು ಚರ್ಚೆ" : 11,
    "ಮಾಡ್ಯೂಲ್" : 828,
    "ಮಾಡ್ಯೂಲ್ ಚರ್ಚೆ" : 829,
    "ಮೀಡಿಯ" : -2,
    "ಮೀಡಿಯವಿಕಿ" : 8,
    "ಮೀಡೀಯವಿಕಿ ಚರ್ಚೆ" : 9,
    "ವರ್ಗ" : 14,
    "ವರ್ಗ ಚರ್ಚೆ" : 15,
    "ವಿಕಿಪೀಡಿಯ" : 4,
    "ವಿಕಿಪೀಡಿಯ ಚರ್ಚೆ" : 5,
    "ವಿಶೇಷ" : -1,
    "ಸದಸ್ಯ" : 2,
    "ಸದಸ್ಯರ ಚರ್ಚೆಪುಟ" : 3,
    "ಸಹಾಯ" : 12,
    "ಸಹಾಯ ಚರ್ಚೆ" : 13
  }
}