{
  "mainpage" : "سرآسونٱ",
  "namespace" : {
    "" : 0,
    "CATEGORY" : 14,
    "CATEGORY TALK" : 15,
    "FILE" : 6,
    "FILE TALK" : 7,
    "GADGET" : 2300,
    "GADGET DEFINITION" : 2302,
    "GADGET DEFINITION TALK" : 2303,
    "GADGET TALK" : 2301,
    "HELP" : 12,
    "HELP TALK" : 13,
    "IMAGE" : 6,
    "IMAGE TALK" : 7,
    "MEDIA" : -2,
    "MEDIAWIKI" : 8,
    "MEDIAWIKI TALK" : 9,
    "MODULE" : 828,
    "MODULE TALK" : 829,
    "PROJECT" : 4,
    "PROJECT TALK" : 5,
    "SPECIAL" : -1,
    "TALK" : 1,
    "TEMPLATE" : 10,
    "TEMPLATE TALK" : 11,
    "USER" : 2,
    "USER TALK" : 3,
    "WIKIPEDIA" : 4,
    "WIKIPEDIA TALK" : 5,
    "أسگ" : 6,
    "بحث تصویر" : 7,
    "پورتال" : 100,
    "پوروجە" : 4,
    "تصویر" : 6,
    "توضییا گأجئت" : 2302,
    "جانیا" : 6,
    "چأک چئنە" : 1,
    "چأک چئنە أسگ" : 7,
    "چأک چئنە پورتال" : 101,
    "چأک چئنە پوروجە" : 5,
    "چأک چئنە توضییا گأجئت" : 2303,
    "چأک چئنە جانیا" : 7,
    "چأک چئنە چوأ" : 11,
    "چأک چئنە دأسە" : 15,
    "چأک چئنە ڤیکیپئدیا" : 5,
    "چأک چئنە کاریار" : 3,
    "چأک چئنە گأجئت" : 2301,
    "چأک چئنە مئدیاڤیکی" : 9,
    "چأک چئنە ھومیاری" : 13,
    "چک چنه ماجول" : 829,
    "چوٙأ" : 10,
    "دأسە" : 14,
    "رسانه" : -2,
    "رسانه‌ای" : -2,
    "ڤارئسگأر" : -2,
    "ڤیجە" : -1,
    "ڤیکیپئدیا" : 4,
    "کاریار" : 2,
    "گأجئت" : 2300,
    "مئدیاڤیکی" : 8,
    "ماجول" : 828,
    "ھومیاری" : 12
  }
}