{
  "mainpage" : "मुख्य पृष्ठ",
  "namespace" : {
    "" : 0,
    "CATEGORY" : 14,
    "CATEGORY TALK" : 15,
    "CT" : 15,
    "DRAFT" : 118,
    "DRAFT TALK" : 119,
    "FILE" : 6,
    "FILE TALK" : 7,
    "GADGET" : 2300,
    "GADGET DEFINITION" : 2302,
    "GADGET DEFINITION TALK" : 2303,
    "GADGET TALK" : 2301,
    "HELP" : 12,
    "HELP TALK" : 13,
    "IMAGE" : 6,
    "IMAGE TALK" : 7,
    "MEDIA" : -2,
    "MEDIAWIKI" : 8,
    "MEDIAWIKI TALK" : 9,
    "MODULE" : 828,
    "MODULE TALK" : 829,
    "PROJECT" : 4,
    "PROJECT TALK" : 5,
    "SPECIAL" : -1,
    "T" : 10,
    "TALK" : 1,
    "TEMPLATE" : 10,
    "TEMPLATE TALK" : 11,
    "U" : 2,
    "USER" : 2,
    "USER TALK" : 3,
    "UT" : 3,
    "WIKIPEDIA" : 4,
    "WIKIPEDIA TALK" : 5,
    "WT" : 5,
    "चित्र" : 6,
    "चित्र वार्ता" : 7,
    "ढाँ" : 10,
    "ढाँचा" : 10,
    "ढाँचा वार्ता" : 11,
    "ढाँवा" : 11,
    "पोर्टल" : 100,
    "पोर्टल वार्ता" : 101,
    "प्र" : 2,
    "प्रयोगकर्ता" : 2,
    "प्रयोगकर्ता वार्ता" : 3,
    "प्रवा" : 2,
    "मद्दत" : 12,
    "मद्दत वार्ता" : 13,
    "मस्यौदा" : 118,
    "मस्यौदा वार्ता" : 119,
    "मीडिया" : -2,
    "मीडियाविकि" : 8,
    "मीडियाविकि वार्ता" : 9,
    "मोड्युल" : 828,
    "मोड्युल वार्तालाप" : 829,
    "वार्तालाप" : 1,
    "वि" : 4,
    "विकिपिडिया" : 4,
    "विकिपिडिया वार्ता" : 5,
    "विकिपीडिया" : 4,
    "विकिपीडिया वार्ता" : 5,
    "विवा" : 5,
    "विशेष" : -1,
    "श्रेणी" : 14,
    "श्रेणी वार्ता" : 15
  }
}