{
  "mainpage" : "WIKIPEDIA:PAGINA PRINCIPALA",
  "namespace" : {
    "" : 0,
    "AGID" : 12,
    "AGID DISCUSSIUN" : 13,
    "CATEGORIA" : 14,
    "CATEGORIA DISCUSSIUN" : 15,
    "CATEGORY" : 14,
    "CATEGORY TALK" : 15,
    "DATOTECA" : 6,
    "DATOTECA DISCUSSIUN" : 7,
    "DISCUSSIUN" : 1,
    "FILE" : 6,
    "FILE TALK" : 7,
    "GADGET" : 2300,
    "GADGET DEFINITION" : 2302,
    "GADGET DEFINITION TALK" : 2303,
    "GADGET TALK" : 2301,
    "HELP" : 12,
    "HELP TALK" : 13,
    "IMAGE" : 6,
    "IMAGE TALK" : 7,
    "MEDIA" : -2,
    "MEDIAWIKI" : 8,
    "MEDIAWIKI DISCUSSIUN" : 9,
    "MEDIAWIKI TALK" : 9,
    "MODEL" : 10,
    "MODEL DISCUSSIUN" : 11,
    "MODULE" : 828,
    "MODULE TALK" : 829,
    "MULTIMEDIA" : -2,
    "PROJECT" : 4,
    "PROJECT TALK" : 5,
    "SPECIAL" : -1,
    "SPEZIAL" : -1,
    "TALK" : 1,
    "TEMPLATE" : 10,
    "TEMPLATE TALK" : 11,
    "USER" : 2,
    "USER TALK" : 3,
    "UTILISADER" : 2,
    "UTILISADER DISCUSSIUN" : 3,
    "WIKIPEDIA" : 4,
    "WIKIPEDIA DISCUSSIUN" : 5,
    "WIKIPEDIA TALK" : 5
  }
}