{
  "mainpage" : "مُک صفحو",
  "namespace" : {
    "" : 0,
    "CATEGORY" : 14,
    "CATEGORY TALK" : 15,
    "FILE" : 6,
    "FILE TALK" : 7,
    "GADGET" : 2300,
    "GADGET DEFINITION" : 2302,
    "GADGET DEFINITION TALK" : 2303,
    "GADGET TALK" : 2301,
    "HELP" : 12,
    "HELP TALK" : 13,
    "IMAGE" : 6,
    "IMAGE TALK" : 7,
    "MEDIA" : -2,
    "MEDIAWIKI" : 8,
    "MEDIAWIKI TALK" : 9,
    "MODULE" : 828,
    "MODULE TALK" : 829,
    "PROJECT" : 4,
    "PROJECT TALK" : 5,
    "SPECIAL" : -1,
    "TALK" : 1,
    "TEMPLATE" : 10,
    "TEMPLATE TALK" : 11,
    "USER" : 2,
    "USER TALK" : 3,
    "WIKIPEDIA" : 4,
    "WIKIPEDIA TALK" : 5,
    "باب" : 100,
    "باب بحث" : 101,
    "بحث" : 1,
    "خاص" : -1,
    "ذريعات" : -2,
    "ذريعات وڪي" : 8,
    "ذريعات وڪي بحث" : 9,
    "زمرو" : 14,
    "زمرو بحث" : 15,
    "سانچو" : 10,
    "سانچو بحث" : 11,
    "سنچو" : 10,
    "سنچو بحث" : 11,
    "عڪس" : 6,
    "عڪس بحث" : 7,
    "فائل" : 6,
    "فائل بحث" : 7,
    "گيجيٽ" : 2300,
    "گيجيٽ بحث" : 2301,
    "گيجيٽ وصف" : 2302,
    "گيجيٽ وصف بحث" : 2303,
    "ماڊيول" : 828,
    "ماڊيول بحث" : 829,
    "مدد" : 12,
    "مدد بحث" : 13,
    "واپرائيندڙ" : 2,
    "واپرائيندڙ بحث" : 3,
    "وڪيپيڊيا" : 4,
    "وڪيپيڊيا بحث" : 5,
    "يوزر" : 2,
    "يوزر بحث" : 3
  }
}