{
  "mainpage" : "BOSH SAHIFA",
  "namespace" : {
    "" : 0,
    "ANDOZA" : 10,
    "ANDOZA MUNOZARASI" : 11,
    "CATEGORY" : 14,
    "CATEGORY TALK" : 15,
    "FAYL" : 6,
    "FAYL MUNOZARASI" : 7,
    "FILE" : 6,
    "FILE TALK" : 7,
    "FOYDALANUVCHI" : 2,
    "FOYDALANUVCHI MUNOZARASI" : 3,
    "GADGET" : 2300,
    "GADGET DEFINITION" : 2302,
    "GADGET DEFINITION TALK" : 2303,
    "GADGET TALK" : 2301,
    "HELP" : 12,
    "HELP TALK" : 13,
    "IMAGE" : 6,
    "IMAGE TALK" : 7,
    "KATEGORIYA" : 14,
    "KATEGORIYA MUNOZARASI" : 15,
    "LOYIHA" : 102,
    "LOYIHA MUNOZARASI" : 103,
    "MAXSUS" : -1,
    "MEDIA" : -2,
    "MEDIAWIKI" : 8,
    "MEDIAWIKI MUNOZARASI" : 9,
    "MEDIAWIKI TALK" : 9,
    "MEDIYA" : -2,
    "MEDIYAVIKI" : 8,
    "MEDIYAVIKI MUNOZARASI" : 9,
    "MODULE" : 828,
    "MODULE TALK" : 829,
    "MUNOZARA" : 1,
    "PORTAL" : 100,
    "PORTAL MUNOZARASI" : 101,
    "PROJECT" : 4,
    "PROJECT TALK" : 5,
    "SHABLON" : 10,
    "SHABLON MUNOZARASI" : 11,
    "SPECIAL" : -1,
    "TALK" : 1,
    "TASVIR" : 6,
    "TASVIR MUNOZARASI" : 7,
    "TEMPLATE" : 10,
    "TEMPLATE TALK" : 11,
    "TURKUM" : 14,
    "TURKUM MUNOZARASI" : 15,
    "USER" : 2,
    "USER TALK" : 3,
    "VIKIPEDIYA" : 4,
    "VIKIPEDIYA MUNOZARASI" : 5,
    "VIKIPEDIYA TALK" : 5,
    "VM" : 5,
    "VP" : 4,
    "WIKIPEDIA" : 4,
    "WIKIPEDIA TALK" : 5,
    "YORDAM" : 12,
    "YORDAM MUNOZARASI" : 13
  }
}