{
  "mainpage" : "TRANG CHÍNH",
  "namespace" : {
    "" : 0,
    "BẢN MẪU" : 10,
    "CATEGORY" : 14,
    "CATEGORY TALK" : 15,
    "CHỦ ĐỀ" : 100,
    "ĐẶC BIỆT" : -1,
    "ĐỊNH NGHĨA TIỆN ÍCH" : 2302,
    "FILE" : 6,
    "FILE TALK" : 7,
    "GADGET" : 2300,
    "GADGET DEFINITION" : 2302,
    "GADGET DEFINITION TALK" : 2303,
    "GADGET TALK" : 2301,
    "HELP" : 12,
    "HELP TALK" : 13,
    "HÌNH" : 6,
    "IMAGE" : 6,
    "IMAGE TALK" : 7,
    "MEDIA" : -2,
    "MEDIAWIKI" : 8,
    "MEDIAWIKI TALK" : 9,
    "MÔ ĐUN" : 828,
    "MODULE" : 828,
    "MODULE TALK" : 829,
    "PHƯƠNG TIỆN" : -2,
    "PROJECT" : 4,
    "PROJECT TALK" : 5,
    "SPECIAL" : -1,
    "TALK" : 1,
    "TẬP TIN" : 6,
    "TEMPLATE" : 10,
    "TEMPLATE TALK" : 11,
    "THÀNH VIÊN" : 2,
    "THẢO LUẬN" : 1,
    "THẢO LUẬN BẢN MẪU" : 11,
    "THẢO LUẬN CHỦ ĐỀ" : 101,
    "THẢO LUẬN ĐỊNH NGHĨA TIỆN ÍCH" : 2303,
    "THẢO LUẬN HÌNH" : 7,
    "THẢO LUẬN MEDIAWIKI" : 9,
    "THẢO LUẬN MÔ ĐUN" : 829,
    "THẢO LUẬN TẬP TIN" : 7,
    "THẢO LUẬN THÀNH VIÊN" : 3,
    "THẢO LUẬN THỂ LOẠI" : 15,
    "THẢO LUẬN TIỆN ÍCH" : 2301,
    "THẢO LUẬN TIÊU BẢN" : 11,
    "THẢO LUẬN TRỢ GIÚP" : 13,
    "THẢO LUẬN WIKIPEDIA" : 5,
    "THỂ LOẠI" : 14,
    "TIỆN ÍCH" : 2300,
    "TIÊU BẢN" : 10,
    "TRỢ GIÚP" : 12,
    "USER" : 2,
    "USER TALK" : 3,
    "WIKIPEDIA" : 4,
    "WIKIPEDIA TALK" : 5
  }
}