{
  "mainpage" : "CIFAPAD",
  "namespace" : {
    "" : 0,
    "BESPIK" : 1,
    "BESPIK DÖ SITANUNS" : 9,
    "BESPIK DÖ VÜKIPED" : 5,
    "CATEGORY" : 14,
    "CATEGORY TALK" : 15,
    "FILE" : 6,
    "FILE TALK" : 7,
    "GADGET" : 2300,
    "GADGET DEFINITION" : 2302,
    "GADGET DEFINITION TALK" : 2303,
    "GADGET TALK" : 2301,
    "GEBAN" : 2,
    "GEBANIBESPIK" : 3,
    "HELP" : 12,
    "HELP TALK" : 13,
    "IMAGE" : 6,
    "IMAGE TALK" : 7,
    "KLAD" : 14,
    "KLADIBESPIK" : 15,
    "MAGOD" : 6,
    "MAGODIBESPIK" : 7,
    "MEDIA" : -2,
    "MEDIAWIKI" : 8,
    "MEDIAWIKI TALK" : 9,
    "MODULE" : 828,
    "MODULE TALK" : 829,
    "NÜNAMAKANÄD" : -2,
    "PATIKOS" : -1,
    "PROJECT" : 4,
    "PROJECT TALK" : 5,
    "RAGIV" : 6,
    "RAGIVIBESPIK" : 7,
    "SAMAFOMOT" : 10,
    "SAMAFOMOTIBESPIK" : 11,
    "SITANUNS" : 8,
    "SPECIAL" : -1,
    "TALK" : 1,
    "TEMPLATE" : 10,
    "TEMPLATE TALK" : 11,
    "USER" : 2,
    "USER TALK" : 3,
    "VÜKIPED" : 4,
    "WIKIPEDIA" : 4,
    "WIKIPEDIA TALK" : 5,
    "YUF" : 12,
    "YUFIBESPIK" : 13
  }
}